Number,Sample
169,Blank
170,e1.0
171,e2.0
172,e3.0
173,e4.0
174,e5.0
175,e1.1
176,e2.1
177,e3.1
178,e4.1
179,e5.1
180,e6.1
181,e7.1
182,e8.1
183,e9.1
184,e10.1
185,e11.1
186,e12.1
187,e13.1
188,e14.1
189,e15.1
190,e16.1
191,e1.2
192,e2.2
193,e3.2
194,e4.2
195,e5.2
196,e6.2
197,e7.2
198,e8.2
199,e9.2
200,e10.2
201,e11.2
202,e12.2
203,e13.2
204,e14.2
205,e15.2
206,e16.2
207,e1.3
208,e2.3
209,e3.3
210,e4.3
211,e5.3
212,e6.3
213,e7.3
214,e8.3
215,e9.3
216,e10.3
217,e11.3
218,e15.3
219,e16.3
220,e1.4
221,e2.4
222,e3.4
223,e4.4
224,e5.4
225,e6.4
226,e7.4
227,e8.4
228,e11.4
229,e1.5
230,e2.5
231,e3.5
232,e1.6
233,e2.6