File,Number,Sample,Date,Days,Tank,Temperature,PAR,Treatment,Reads_sum,R,D,G,E,H,J,Saprotrophs,Reads_slope,R_rare,Slope,R_rare_conv,E_rare,J_rare,Alphaproteobacteria,Gammaproteobacteria,Bacteroidia,Other,Verrucomicrobiia,LAP_mean,LAP_sd,BG_mean,BG_sd,BG_LAP_mean,BG_LAP_sd,n
e1.0_F_filt.fastq.gz,170,e1.0,2022-06-29,0,3,15,8,Light 15°C,21818,302,26.372799289434546,0.9620821442189256,0.08732714996501505,3.8853409135830583,0.6803941109414934,0.7371894765789717,7927,249.65657068041241,0.007660897256272392,243.55292036811142,0.10563631158418257,0.7038551090104358,0.3674947291227427,0.5762214685122375,0.017875148959574684,0.0375378128151068,8.708405903382528e-4,0.486417935,0.12794416131614308,0.01205297088888889,0.013053449442937548,0.024706828396492082,0.02474801516276371,9
e2.0_F_filt.fastq.gz,171,e2.0,2022-06-29,0,10,20,8,Light 20°C,18853,327,23.17385824274601,0.9568479279744871,0.07086806802063,3.8558970037463247,0.6659626128565902,0.7484220018034269,8834,288.92373907674187,0.007661356479900405,274.1434618053655,0.08020752575332944,0.6805129250766283,0.20357502784702688,0.779398504216836,0.008698880814724447,0.008009335384288973,3.1825173712406516e-4,1.0387644294444445,0.2517846787979039,0.11870716344444446,0.22865649502207067,0.10549633299264996,0.19716148095753683,9
e3.0_F_filt.fastq.gz,172,e3.0,2022-06-29,0,15,25,8,Light 25°C,27558,325,16.643410118466498,0.9399161594359523,0.05121049267220461,3.609938046773077,0.6241436995367461,0.8681326656506282,9476,265.06486099436006,0.007660070515782991,244.3694936163467,0.06278995282901957,0.6469452524397751,0.1744321068292329,0.8013643950939848,0.00762029174831265,0.01545830611800566,0.0011249002104652007,2.2521291333333333,0.7893442148612041,0.006287499777777778,0.009568005190844468,0.0027608772778047177,0.0037204032149603353,9
e4.0_F_filt.fastq.gz,173,e4.0,2022-06-29,0,5,15,0,Dark 15°C,25331,602,71.20933556959005,0.9859568974769785,0.11828793283985059,5.040007800980665,0.7874695422876818,0.3370968378666458,11954,550.1601208707827,0.007660416298222117,496.7000544055188,0.12943383729246188,0.7987069064879008,0.3201215901464609,0.3938652244285656,0.17962180727172236,0.047964944139591806,0.05842643401365916,0.6946437968888889,0.3437035252516694,0.32985307677777775,0.5724742169095988,0.39430485409969557,0.44134332021769873,9
e5.0_F_filt.fastq.gz,174,e5.0,2022-06-29,0,4,15,8,Light 15°C,26566,268,4.7179629923349315,0.788044119543825,0.017604339523637803,2.468512429323805,0.4415163973603554,0.8893322291650976,8148,194.84280319373386,0.007660644030465846,186.98085105605173,0.024214201987454578,0.4682135848173548,0.0240533012120756,0.8878265452081598,0.08567341714974026,0.002371452232176466,7.528419784687193e-5,5.976226990777778,6.169882816973791,0.7262116701111112,1.1819420818882949,0.10356384029188503,0.12843367669114913,9
e1.1_F_filt.fastq.gz,175,e1.1,2022-07-05,6,1,15,8,Light 15°C,32556,574,49.969526641864846,0.979987803223211,0.08705492446317917,4.690571316011536,0.7383669065802967,0.41844821231109447,13890,502.1121150758169,0.007660675718227594,425.6528357906314,0.09951866354453456,0.7542538178857338,0.3059036736699838,0.5667465290576228,0.09970512347954302,0.01164147929721096,0.016003194495638286,0.7073762583333333,0.3179379409462585,0.32374919133333335,0.2561092530750214,0.5337075432845455,0.40620387903535243,3
e2.1_F_filt.fastq.gz,176,e2.1,2022-07-05,6,2,15,8,Light 15°C,21265,471,28.82325426106887,0.9653057912565173,0.06119586891946681,4.418993294884208,0.7179683475042634,0.5723959557959085,10908,425.3976452073284,0.00766080822091908,387.32479860049017,0.06775602682760766,0.7300471676237028,0.35203385845285734,0.4995532565248066,0.06988008464613203,0.07006818716200326,0.00846461321420174,1.0485194136666667,0.11604496026275132,0.08177867333333333,0.019018734535537752,0.07811484576803604,0.015753492168549203,3
e3.1_F_filt.fastq.gz,177,e3.1,2022-07-05,6,3,15,8,Light 15°C,32554,862,72.45656563004657,0.9861986282222391,0.08405634063810506,5.264676542431682,0.7788841124674291,0.3185169257234128,17560,796.8912027523187,0.007660051823563663,647.9616168798844,0.09092403753460276,0.7880405093513363,0.3668059224672842,0.39881427781532136,0.11826503655464736,0.09491921115684707,0.021195552005897882,1.353265265,0.4600358891527812,0.048571678,0.037871717396936976,0.032062484794793365,0.017540574989195177,3
e4.1_F_filt.fastq.gz,178,e4.1,2022-07-05,6,4,15,8,Light 15°C,36989,494,12.114484697480586,0.9174541860449115,0.024523248375466773,3.6291793842470192,0.5851122293762213,0.5382681337694998,14015,406.6502358120288,0.007660244333635546,332.3802410605346,0.029790920133833197,0.6040625011114457,0.2900321717267299,0.17137527373002753,0.44743031712130665,0.028657168347346513,0.06250506907458973,3.7152963476666665,4.898585637789584,0.03762900166666667,0.010643597401047278,0.033449788368226485,0.026638826919277533,3
e5.1_F_filt.fastq.gz,179,e5.1,2022-07-05,6,5,15,0,Dark 15°C,19285,521,49.25632674381495,0.9796980394985387,0.09454189394206325,4.820991552022745,0.7706496455014231,0.48773658283640214,10341,483.4258218185183,0.007660591594969901,451.04974713936906,0.10189014430078613,0.7799823977935992,0.3390199637023601,0.40876328752916846,0.13347161005963212,0.10106300233341979,0.01768213637542131,0.9145541306666666,0.39493718667315225,0.195681984,0.13849480693920113,0.20765764945329507,0.07527962618909968,3
e6.1_F_filt.fastq.gz,180,e6.1,2022-07-05,6,6,15,0,Dark 15°C,19086,454,28.327042278185964,0.9646980440040478,0.06239436625151093,4.3099960046466705,0.7044667427033483,0.6500052394425239,10053,417.5673608362621,0.007660342992096503,388.501697911544,0.06783825781175856,0.71423227487886,0.3130566907681025,0.5665933144713409,0.031803416116525186,0.08556009640574244,0.0029864822382898457,0.6335859796666666,0.2357119575533221,0.034573579,0.02889070115101508,0.04596958186007311,0.03690368951424595,3
e7.1_F_filt.fastq.gz,181,e7.1,2022-07-05,6,7,15,0,Dark 15°C,28138,418,22.96066602101065,0.9564472564042816,0.054929823016771885,4.033626468023955,0.6683189258585147,0.6871135119766856,9900,360.77170958492746,0.007660068295990641,334.77743818923636,0.06364319987126262,0.6850302953128931,0.34590233847466023,0.5716113440898416,0.031629824436704826,0.05007463217001919,7.818608287724785e-4,1.445921164,0.7614987051230192,0.06993595033333333,0.020542164675327195,0.0719105674438725,0.06989818657988851,3
e8.1_F_filt.fastq.gz,182,e8.1,2022-07-05,6,8,15,0,Dark 15°C,22279,417,26.179788484136232,0.961802594371381,0.06278126734804852,4.230246750683023,0.7011745887864584,0.5884465191435883,9897,367.7260199114328,0.0076610617733194886,341.8619255545386,0.0711937341024757,0.7161003219099318,0.40217244939180374,0.5517752143273935,0.012343462453431488,0.029983392432335384,0.003725481395035684,1.053307352,0.6069291816059545,0.142010763,0.09124807888522281,0.18124003620394938,0.1321242722723227,3
e9.1_F_filt.fastq.gz,183,e9.1,2022-07-05,6,9,20,8,Light 20°C,15167,409,32.80284034364294,0.9695148350105055,0.08020254362748885,4.378587287932188,0.7281002133152952,0.27816971055581247,9086,378.8156504598321,0.007661157673112484,361.44353408963724,0.08659314973873078,0.73750221517834,0.6779191666117242,0.22285224500560483,0.0538010153622997,0.03435089338695852,0.01107667963341465,0.6378592076666667,0.40213523287161573,0.014748860333333332,0.005656608178626599,0.03715205530459907,0.037315946587712194,3
e10.1_F_filt.fastq.gz,184,e10.1,2022-07-05,6,10,20,8,Light 20°C,19975,407,23.299103850132813,0.957079894298411,0.05724595540573173,4.158628068690652,0.6920880946616311,0.3569962453066329,9584,360.88547203121726,0.007660390694070429,338.6370643296215,0.06456093596396531,0.7062214880046395,0.5904380475594495,0.36620775969962355,0.026082603254067596,0.016070087609511896,0.0012015018773466834,0.599539794,0.15271576557582986,0.029524811999999998,0.03890580630817293,0.06454088980594164,0.09237516393772346,3
e11.1_F_filt.fastq.gz,185,e11.1,2022-07-05,6,11,20,8,Light 20°C,24809,323,6.256980419836442,0.8401784993877062,0.019371456408162357,2.654007011109672,0.45935734146587087,0.054536660083034344,10764,260.389253811817,0.007660618341958525,226.76234401151854,0.024029334268757318,0.47715250791665104,0.26941835624168603,0.6901527671409567,0.015437945906727391,0.014309323229473174,0.01068160748115603,0.814788154,0.38992904146778795,0.040660739,0.01916559482199165,0.06334638713567868,0.042151064104128874,3
e12.1_F_filt.fastq.gz,186,e12.1,2022-07-05,6,12,20,8,Light 20°C,18313,415,26.02601678421608,0.9615769094329307,0.06271329345594236,4.213322384301402,0.6989262971446384,0.32736307541091025,9608,376.6192357870036,0.007661054226957731,353.6200980470294,0.06910432158312553,0.7103617716705697,0.7026702342598151,0.22770709332168432,0.019985802435428406,0.047944083437994875,0.0016927865450772676,1.2441036786666666,1.0811790838333113,0.098263744,0.039950369006310965,0.10323348886272489,0.052400661888823155,3
e13.1_F_filt.fastq.gz,187,e13.1,2022-07-05,6,13,25,8,Light 25°C,33238,522,20.06790981489164,0.9501692000201267,0.038444271676037624,4.031385943702324,0.6442313988535773,0.4093808291714299,14454,446.89522570025036,0.007660025915924962,364.17229463112324,0.044905178352368326,0.6606312332137667,0.701967627414405,0.2221854503881096,0.027197785667007663,0.024279439196100847,0.024369697334376317,1.4070862973333333,0.7273053450953065,0.118656913,0.0742628598855284,0.1020699335155425,0.06234127146082136,3
e14.1_F_filt.fastq.gz,188,e14.1,2022-07-05,6,14,25,8,Light 25°C,13577,548,28.57732639773321,0.9650072233461517,0.052148405835279577,4.658860695811078,0.7387658298795547,0.409000515577816,13577,548,0.007660013258828258,474.76830069990416,0.052148405835279577,0.7387658298795547,0.539073433011713,0.3406496280474345,0.04514988583634084,0.06444722692789276,0.01067982617662223,12.355014347333332,18.269777591702546,0.239381632,0.19217714922276932,0.05083092951791205,0.037116582883191356,3
e15.1_F_filt.fastq.gz,189,e15.1,2022-07-05,6,15,25,8,Light 25°C,37318,688,32.90440154304395,0.9696089291065862,0.04782616503349412,4.585682198315993,0.7018411999623878,0.342488879361165,16122,608.2286642973543,0.007660682198661561,493.32952864362653,0.05409873535154118,0.7153335597971917,0.6712846347607028,0.1811994211908465,0.08108687496650427,0.020499490862318455,0.04592957821962592,0.7716963033333334,0.3094898631631716,0.024673063,0.020931127760508057,0.031363155176791176,0.01886247451739476,3
e16.1_F_filt.fastq.gz,190,e16.1,2022-07-05,6,16,25,8,Light 25°C,25073,566,41.68337262935084,0.9760096187779234,0.07364553468083188,4.6406725685169485,0.7321296349414524,0.44677541578590485,13495,509.9727973636339,0.007660078158494343,438.97022795418115,0.08173646289535065,0.744370635390925,0.4471343676464715,0.3839987237267175,0.09831292625533429,0.06800143580744224,0.0025525465640330236,1.5173530346666666,0.7888861870615594,0.395824004,0.2616191746576837,0.24072940411228502,0.07404430767211834,3
e1.2_F_filt.fastq.gz,191,e1.2,2022-07-12,13,1,15,8,Light 15°C,20506,610,25.058605867857043,0.960093550085214,0.041079681750585316,4.3523110099439855,0.6786214800798036,0.2513410709060762,14939,577.8210664162046,0.007660115713520099,478.1249800852216,0.04336741480070463,0.6844048054693082,0.5708573100555946,0.35789525017068113,0.03130790988003509,0.032429532819662536,0.007509997074027114,1.1793292746666668,0.45930632033182894,0.05112033966666667,0.03844254610865604,0.03937799108657892,0.016144150385933705,3
e2.2_F_filt.fastq.gz,192,e2.2,2022-07-12,13,2,15,8,Light 15°C,35248,399,5.58474075294594,0.820940658799157,0.013996843992345714,2.910786391342442,0.48602523688557114,0.08323876532001846,12333,313.64905565355355,0.00766059899387983,261.57520462719185,0.01780569924340745,0.5063756590241018,0.3244723104857023,0.6511007716749883,0.017419428052655467,0.005759192010894235,0.0012482977757603266,0.8930615763333334,0.3991792143644247,0.02004625566666667,0.02054739935123188,0.018018655503072203,0.015126734415180134,3
e3.2_F_filt.fastq.gz,193,e3.2,2022-07-12,13,3,15,8,Light 15°C,31488,560,14.328997814002046,0.9302114486316121,0.025587496096432225,3.9234243378464075,0.6200163610885894,0.19632876016260128,13042,498.1919127774309,0.007660638494030536,428.5858281906967,0.028762004052048068,0.6316911253591725,0.703474339430894,0.18743648373983676,0.03309197154471544,0.06707317073170728,0.008924034552845527,1.015287234,0.3595268598893245,0.203389275,0.06292149537712617,0.20575478801075156,0.03681868214478066,3
e4.2_F_filt.fastq.gz,194,e4.2,2022-07-12,13,4,15,8,Light 15°C,30899,569,14.928595225689362,0.9330144608463102,0.026236546969577085,3.7964360469324685,0.5984406683502237,0.24343829897407665,14913,503.0657628892805,0.007660396715721163,408.16914052325586,0.029675235977000863,0.6102887601294158,0.6682416906695993,0.16204407909641064,0.02469335577203142,0.14204343182627271,0.0029774426356840027,1.60606364,0.9318084223916125,0.17680132166666668,0.01712342569375481,0.15388788120145255,0.12142463509003398,3
e5.2_F_filt.fastq.gz,195,e5.2,2022-07-12,13,5,15,0,Dark 15°C,23884,440,14.401126874118088,0.9305609895155348,0.032729833804813833,3.6764186471566913,0.6040011027353499,0.12347178027131138,10555,387.6822151860847,0.007660644262330152,353.90205020461434,0.03714673077588986,0.6168295192533388,0.5679953106682291,0.3737648635069504,0.03902193937363927,0.015784625690839056,0.0034332607603416512,0.6960403093333333,0.4295909750455577,0.06449474833333334,0.08724787532899299,0.06342132653919125,0.0718540945985433,3
e6.2_F_filt.fastq.gz,196,e6.2,2022-07-12,13,6,15,0,Dark 15°C,30861,732,29.333958398751378,0.9659098173384413,0.04007371365949642,4.602101797900939,0.6977342238965737,0.41217070088461233,18124,667.661017194019,0.007660604782813607,522.5413674926873,0.04393540680573698,0.7076040984838827,0.42545607724960416,0.4176144648585602,0.09986714623635025,0.041541103658339004,0.015521207997148503,0.42155422466666664,0.21333217602453786,0.06339722166666667,0.0545563267803586,0.15495698195382063,0.15275204894026628,3
e7.2_F_filt.fastq.gz,197,e7.2,2022-07-12,13,7,15,0,Dark 15°C,29376,525,17.199525321059987,0.9418588605596255,0.032761000611542836,4.004778521337758,0.6393938806759973,0.19692946623093668,13937,462.57655345744155,0.007660264961657504,385.5629748988383,0.03718200845353135,0.652582884959312,0.4400871459694991,0.4401552287581699,0.0688657407407407,0.018995098039215685,0.031896786492374735,0.728962925,0.27783412985526146,0.19582936166666667,0.0639574240052275,0.2743868913231713,0.0342206930086591,3
e8.2_F_filt.fastq.gz,198,e8.2,2022-07-12,13,8,15,0,Dark 15°C,35805,402,28.43416483727753,0.9648310402038259,0.07073175332656102,4.004237223365256,0.6677677340181049,0.3389191453707584,11725,313.37174036589994,0.00766003577086849,269.91849463387325,0.0907362125381094,0.6967053072039662,0.3461527719592236,0.5974863845831575,0.015528557464041333,0.009747242005306519,0.0310850439882698,1.39898739,0.9127996807970076,0.115783687,0.09946181971378734,0.09646387466549367,0.10965137593675556,3
e9.2_F_filt.fastq.gz,199,e9.2,2022-07-12,13,9,20,8,Light 20°C,24869,451,13.348393127489548,0.9250846157699228,0.029597324007737357,3.762954643582591,0.6157203228854695,0.4625035184366076,12303,395.3189515322088,0.007660043685461915,340.86079845080883,0.033766135106229486,0.6292889450006629,0.7066227029635301,0.2544533354779043,0.012103421930917999,0.015963649523503154,0.01085689010414572,1.5198229086666666,0.42351423930969456,0.22488328433333335,0.11694974374698805,0.14779339051090198,0.05424259540853052,3
e10.2_F_filt.fastq.gz,200,e10.2,2022-07-12,13,10,20,8,Light 20°C,26344,531,15.038045387440278,0.9335019961546867,0.02832023613453913,3.850682223766931,0.6136778113227601,0.37420285453993346,16017,475.30839895514237,0.007660353003245746,372.52550960214927,0.03163850127727178,0.6247087612416578,0.4666337686000615,0.48143789857273067,0.03636501670209536,0.014955967203158213,6.073489219556636e-4,2.8587720146666666,3.0837694607004953,0.660635364,0.9630577778916372,0.1557853877446423,0.10567555170494934,3
e11.2_F_filt.fastq.gz,201,e11.2,2022-07-12,13,11,20,8,Light 20°C,43925,575,25.940540847809384,0.9614503026029063,0.045113984083146756,4.154215625995524,0.6537572724477736,0.7632783153101877,16684,467.7315450035587,0.007660060293744664,359.2862850117534,0.055460319332560765,0.6757135503130139,0.2677518497438803,0.6007740466704606,0.07544678429140583,0.05393284006829824,0.0020944792259533296,18.878520019333333,30.766350895484205,1.931308324,1.6078620393620988,0.7428027352083914,1.084078262051905,3
e12.2_F_filt.fastq.gz,202,e12.2,2022-07-12,13,12,20,8,Light 20°C,28154,701,41.078718172387475,0.9756564945429046,0.05860016857687229,4.714528965140609,0.7194999298618504,0.3081622504795065,16973,646.2997615389228,0.007660041568783527,516.3847900805232,0.06355985351839488,0.7285330014788001,0.5985295162321483,0.22817361653761525,0.07189031753924857,0.029374156425374727,0.07203239326561056,1.5984997466666666,1.142640181130392,0.7725938156666666,1.1948032545330458,0.3722192633933455,0.4005387854968561,3
e13.2_F_filt.fastq.gz,203,e13.2,2022-07-12,13,13,25,8,Light 25°C,18469,590,25.98125007283613,0.9615107049431191,0.04403601707260361,4.633153232835196,0.7261856188559259,0.2264876279170501,13721,561.2073807823016,0.00766014102475765,483.0546780940129,0.0462952750846207,0.7319252754582303,0.2778710271265363,0.4170772646055556,0.20926958687530434,0.08235421517136823,0.013427906221235582,79.21802438,20.006577503163513,3.693174464,2.0197749926245216,0.04864303987084638,0.0325114222866436,3
e14.2_F_filt.fastq.gz,204,e14.2,2022-07-12,13,14,25,8,Light 25°C,26418,920,28.49111294236008,0.964901336005263,0.030968601024304435,4.960067027847234,0.7268164475841075,0.30816110227874965,19812,883.1417865957029,0.007660222932486249,681.2524798999654,0.032261085790296934,0.7311973817423286,0.21205238852297656,0.3189870542811727,0.40551896434249407,0.04636989931107577,0.01707169354228177,21.794773828666667,19.139034388808376,4.820459915333333,1.842630626898699,0.4010003037404567,0.31438966021880344,3
e15.2_F_filt.fastq.gz,205,e15.2,2022-07-12,13,15,25,8,Light 25°C,27194,546,15.9194508293289,0.9371837627616105,0.029156503350419232,4.087115749477731,0.648478952195373,0.39133632418916003,15855,485.4657249754497,0.007660026330768233,386.10537226034234,0.03279212107123311,0.6607993417311546,0.18893873648598988,0.7304184746635264,0.05626241082591749,0.02066632345370302,0.003714054570861219,13.922208374666667,14.674835384250281,2.794088288666667,1.486545530664915,0.2981512227206563,0.18805036317797794,3
e16.2_F_filt.fastq.gz,206,e16.2,2022-07-12,13,16,25,8,Light 25°C,32638,562,15.871321082310494,0.9369932726573997,0.02824078484396885,3.7606241867454964,0.5939545270461604,0.45379618849194225,17299,486.71326230461904,0.007660142270992765,366.7520329739926,0.03260918144526975,0.6077604408619353,0.12365953796188488,0.7809608431889192,0.07472884367914696,0.017648140204669403,0.0030026349653777817,32.75644637333333,4.899163641662983,3.8457453226666667,0.6139778740544211,0.1174718356828246,0.008568777328018102,3
e1.3_F_filt.fastq.gz,207,e1.3,2022-07-26,27,1,15,8,Light 15°C,33619,386,17.102224055828025,0.9415280727971036,0.044306279937378304,3.7052522954124383,0.6221211335301081,0.20672833814212227,10148,314.78458823511556,0.0076606915178558666,286.6353265840661,0.05432992813185064,0.6441801258899817,0.5840744816918999,0.34019453285344603,0.03486123918022546,0.027187007347035906,0.013682738927392248,1.159610166,0.9726894354343151,0.13233523366666666,0.048238631331196165,0.1765160829244422,0.1120560443301298,3
e2.3_F_filt.fastq.gz,208,e2.3,2022-07-26,27,2,15,8,Light 15°C,36908,424,29.21188797770179,0.9657673615357102,0.06889596221156083,4.1523757690210115,0.6863733418585467,0.3505473068169504,11681,337.71842115073423,0.007660100425425753,293.60046548152707,0.08649776307186872,0.7131955054917457,0.42811856508074125,0.4963422564213722,0.024574617969004012,0.016473393302265094,0.03449116722661753,1.6217240816666667,1.2334926898888228,0.424745319,0.589987490267504,0.18116544259509004,0.16466586523672588,3
e3.3_F_filt.fastq.gz,209,e3.3,2022-07-26,27,3,15,8,Light 15°C,23006,568,35.998717236827574,0.9722212324005541,0.0633780233042739,4.53231539261926,0.7146371211437912,0.4233243501695211,15916,525.2907808734814,0.0076605365424029515,422.87946681769404,0.06853102804691717,0.7235552585383028,0.23598191776058458,0.5407719725289049,0.18560375554203268,0.03173085282100322,0.005911501347474574,12.996438652333334,19.764928275266087,2.728582766666667,4.224365372451277,0.2299299024123036,0.08176070134476401,3
e4.3_F_filt.fastq.gz,210,e4.3,2022-07-26,27,4,15,8,Light 15°C,43395,667,3.9898140930596493,0.7493617555415634,0.005981730274452248,2.9660453302327165,0.4561188827087656,0.26544532780274194,20083,562.9263244030087,0.0076603162757464816,399.61743482340967,0.007087631045307578,0.4683365959036497,0.2981219034450969,0.6275607788915777,0.055628528632331,0.012098167991704113,0.006590621039290237,9.62074911,12.90616318247151,1.5573610346666666,1.940486746400665,0.1847290613855707,0.02679967038312716,3
e5.3_F_filt.fastq.gz,211,e5.3,2022-07-26,27,5,15,0,Dark 15°C,34689,485,3.1664673522400766,0.6841906488337665,0.006528798664412529,2.514064302699192,0.40653359856574756,0.15909942633111368,15345,399.60350446673675,0.007660367029586723,308.10206997878504,0.0079240229798927,0.4196771072396877,0.22326962437660366,0.7517368618293974,0.012395860359191675,0.008821240162587564,0.0037764132722188583,0.5946739696666666,0.21718274876848243,0.115203873,0.036017879813422825,0.21724471968615008,0.1192483062372956,3
e6.3_F_filt.fastq.gz,212,e6.3,2022-07-26,27,6,15,0,Dark 15°C,28404,650,36.68972055796532,0.9727444094751247,0.05644572393533127,4.580923609814899,0.7072631089275072,0.6027320095761175,16423,589.4706872449889,0.007660084506824205,472.9520908812978,0.06224180667819496,0.7181003357222892,0.3298479087452486,0.5345021827911577,0.10354175468243895,0.022039149415575263,0.010069004365582307,28.630755814333334,23.362604039959812,5.728806037666667,3.7777329643934667,0.5672316959688729,0.6748916612772825,3
e7.3_F_filt.fastq.gz,213,e7.3,2022-07-26,27,7,15,0,Dark 15°C,23496,657,23.06536793150948,0.9566449578012625,0.03510710491858369,4.549793366178038,0.7012970041720338,0.34869765066394215,16826,617.8304634081057,0.00766009356016184,494.6570858382208,0.03733284338922883,0.7080052583574706,0.49587163772556975,0.3986210418794677,0.06788389513108622,0.03426115083418455,0.003362274429690161,0.538155166,0.15623186322437302,0.188116538,0.018252219143911435,0.36836422689786663,0.10500535161573876,3
e8.3_F_filt.fastq.gz,214,e8.3,2022-07-26,27,8,15,0,Dark 15°C,21476,526,20.601944562989726,0.9514608925898944,0.03916719498667248,4.186437958419327,0.6681942042799256,0.4615384615384619,13153,480.6211824852591,0.007660085444115339,414.8972542813627,0.042865244632911276,0.6779569441928052,0.1645092195939658,0.4938070404172103,0.3220338983050847,0.012944682436207859,0.006705159247532127,21.857439546666665,3.5106232904975427,2.85524234,1.5987049892027698,0.1250362470636653,0.05347637458113399,3
e9.3_F_filt.fastq.gz,215,e9.3,2022-07-26,27,9,20,8,Light 20°C,16630,222,4.274321736699771,0.7660447524541973,0.019253701516665635,2.4093278051359497,0.4459507082951167,0.04353577871316897,6611,187.35027883999592,0.007660924760102716,191.43678423433192,0.022814600347353633,0.460412193221728,0.8789536981358995,0.0972339146121468,0.012086590499098016,0.010823812387251951,9.019843656043296e-4,1.151800352,0.5139856872520993,0.08806343466666666,0.04625548831586652,0.09610742339645165,0.06610819523386947,3
e10.3_F_filt.fastq.gz,216,e10.3,2022-07-26,27,10,20,8,Light 20°C,23140,396,7.493152309370643,0.866544818694071,0.018922101791340008,3.433267072787276,0.5739891857559916,0.5771391529818503,10958,343.7436231446176,0.007660475724605931,306.6776566130704,0.021798665647444385,0.5878986569621564,0.1653846153846154,0.7124459809853084,0.07947277441659471,0.0372515125324114,0.005445116681071738,1.6816322863333335,1.22752298476028,0.47867258133333335,0.2630330783839293,0.8340738617309436,1.1299459788069444,3
e11.3_F_filt.fastq.gz,217,e11.3,2022-07-26,27,11,20,8,Light 20°C,14473,335,8.827229519094704,0.8867141725683194,0.026349938862969265,3.5260134986806575,0.6064558542984475,0.20666067850480205,8252,304.40100396841007,0.007660133194917762,295.30246516559873,0.028998687271119417,0.6166142352069099,0.654943688247081,0.2620742071443376,0.04919505285704413,0.031023284737096667,0.002763767014440683,1.1504278663333334,0.22542904295264893,0.30126126366666667,0.08999055783172565,0.2591616650923361,0.031116129685363137,3
e15.3_F_filt.fastq.gz,218,e15.3,2022-07-26,27,15,25,8,Light 25°C,13205,242,8.792353711016442,0.8862648122598795,0.03633204012816712,3.164116748696069,0.576453387987617,0.06898901931086701,6814,213.75714822736842,0.007660847956060479,216.44066229272806,0.04113244297993826,0.5897876590450079,0.7883377508519506,0.130329420673987,0.014615675880348351,0.052252934494509656,0.014464218099204848,0.884396269,0.37491042627435156,0.268567957,0.18011247200457192,0.29848604200938733,0.13193260434817194,3
e16.3_F_filt.fastq.gz,219,e16.3,2022-07-26,27,16,25,8,Light 25°C,25253,249,6.736540095418863,0.8515558453099621,0.027054377893248445,2.821717112356633,0.5114166201880292,0.046727121530115254,6645,207.1615777479161,0.007660696913092124,211.0049075181174,0.03251828919557757,0.5290555190649695,0.8730051875024745,0.08798954579653906,0.010850196016314893,0.02269037342097969,0.005464697263691444,0.9276312103333333,0.4244721480283822,0.10887633,0.07637196384940859,0.17866945183673313,0.2128975729740311,3
e1.4_F_filt.fastq.gz,220,e1.4,2022-08-05,37,1,15,8,Light 15°C,7178,94,4.0506703254267045,0.7531272802620247,0.04309223750453941,2.1013831914655263,0.46252406946299773,0.05029256060183893,2780,80.14080313902639,0.007662456837365994,94,0.05054441890730364,0.47935360211686046,0.9118138757314016,0.04639175257731959,0.014767344664251877,0.023404848147116186,0.003622178879910839,0.6003330933333333,0.12978910839388832,0.15864140633333335,0.0524339236440648,0.2826453876952374,0.13529172331470835,3
e2.4_F_filt.fastq.gz,221,e2.4,2022-08-05,37,2,15,8,Light 15°C,16116,264,13.554044966629629,0.9262212865264928,0.051341079419051625,3.6749547997855427,0.659072515154755,0.28648548026805654,6340,229.98408503243238,0.007660107103845348,235.8401964717575,0.05893470830696062,0.6757903580097698,0.5127823281211213,0.4164184661206254,0.05516257135765698,0.015140233308513279,4.964010920824026e-4,0.5446961996666667,0.1344223978185524,0.7698262543333333,0.5285091318603644,1.4751076762559538,1.0745190186780207,3
e3.4_F_filt.fastq.gz,222,e3.4,2022-08-05,37,3,15,8,Light 15°C,41756,335,5.018808998936932,0.8007495403367977,0.014981519399811738,2.79353606221763,0.4804735715730025,0.5284510010537401,10123,238.9972808605189,0.007660042668163669,212.4774948421094,0.02099943974620346,0.5100995997218659,0.23599003735990046,0.7097183638279515,0.01314781109301657,0.03273781013507042,0.008405977584059775,0.938931371,0.28510331764290764,1.0514296233333333,0.7868456024669434,1.1677097054523726,0.7554964311418435,3
e4.4_F_filt.fastq.gz,223,e4.4,2022-08-05,37,4,15,8,Light 15°C,17896,292,7.907554736664261,0.8735386559686539,0.027080666906384457,3.1522720196273277,0.5552948268370848,0.21312025033527068,8077,252.20290531662164,0.007660751647051711,244.74200998796897,0.031353939903019455,0.5700069928170953,0.6268439874832361,0.31386902101028147,0.02939204291461778,0.029000894054537322,8.940545373267771e-4,1.9505810593333333,0.5869409833624796,0.117460655,0.04352719242068352,0.06729270953164025,0.043735633131424506,3
e5.4_F_filt.fastq.gz,224,e5.4,2022-08-05,37,5,15,0,Dark 15°C,19486,612,17.649594393840697,0.9433414741616398,0.028839206525883492,4.255482095275886,0.6631852332180747,0.17314995381299347,12392,575.0904826555543,0.0076604754922300344,513.7015144610075,0.030690117340042605,0.6696771977517956,0.29492969311300377,0.554192753771939,0.10089294878374234,0.04695678948989019,0.003027814841424612,1.0553425253333333,0.3729377085818447,0.5014824106666667,0.13788896684454888,0.5555545619089548,0.34189740984615735,3
e6.4_F_filt.fastq.gz,225,e6.4,2022-08-05,37,6,15,0,Dark 15°C,25391,149,7.030139283916726,0.8577553075957172,0.0471821428450787,2.524524973209052,0.5045068069994131,0.6444803276751603,3639,83.69449318967743,0.007660559056077432,104.71779895934539,0.08399763253221774,0.5702340678358819,0.025835926115552747,0.924185735102989,0.0034264109330077583,0.04655192784845023,0,18.323848671333334,14.724038070037054,3.2785425823333334,2.5620423013281455,0.2543717709304201,0.1451668655441653,3
e7.4_F_filt.fastq.gz,226,e7.4,2022-08-05,37,7,15,0,Dark 15°C,18901,814,59.89179694435025,0.9833032226278138,0.0735771461232804,5.220619345935019,0.7789689972531003,0.4565366911803617,17259,802.4842077574319,0.007660454290430607,655.4444637298775,0.07463299136031575,0.7806285929390463,0.22480292048039818,0.27712819427543606,0.39780963970160393,0.04867467329770912,0.051584572244854764,41.325254703333336,5.89525282567586,3.8775910773333333,0.9917499719653022,0.09615046615700147,0.03426147836289474,3
e8.4_F_filt.fastq.gz,227,e8.4,2022-08-05,37,8,15,0,Dark 15°C,16331,436,36.5194274137837,0.9726173143770988,0.08376015461876996,4.4670643562422,0.7349995569631722,0.3249647908884938,8543,403.95177964280447,0.007660217613761233,391.7450052943677,0.09040541285911925,0.7443500067910828,0.3465188904537377,0.5102565672647105,0.10140224113648885,0.03778090747657828,0.004041393668483253,1.385101956,0.5039438239462315,0.38208394033333337,0.15469945132358076,0.314083251413982,0.1711748483867938,3
e11.4_F_filt.fastq.gz,228,e11.4,2022-08-05,37,11,20,8,Light 20°C,18174,257,6.517962379003171,0.8465778195926108,0.025361721319078486,2.939511533835114,0.5297299025754156,0.082205348299769,6954,218.84862858033435,0.007660786369626749,220.5248231354594,0.029782971094153215,0.5455278528499748,0.7711565973368545,0.17739628040057245,0.024155386816331042,0.026356333223286014,9.35402222955871e-4,1.2355296276666667,0.5672587891707658,0.19044748766666666,0.052884572106659845,0.16951969654762525,0.06195556480697688,3
e1.5_F_filt.fastq.gz,229,e1.5,2022-09-19,82,1,15,8,Light 15°C,12638,337,45.30977581569148,0.9779297076183351,0.1344503733403308,4.539096471837257,0.7799023701475761,0.29482513055863274,6512,312.1850505905301,0.00766029955485692,316.8805706321727,0.1451375577721719,0.7902882401105051,0.2864377274885268,0.4854407342934012,0.17827187846178186,0.04367779711979743,0.006171862636493117,1.020234064,0.5664080760961884,0.17511055266666667,0.2202877674386855,0.13166281748867226,0.11150324124294937,3
e2.5_F_filt.fastq.gz,230,e2.5,2022-09-19,82,2,15,8,Light 15°C,16120,341,25.55391612911096,0.9608670547814468,0.07493817046660105,4.072495463407812,0.6983157632670223,0.23734491315136474,7137,312.90837350183097,0.007661270537539622,313.22070235627604,0.08166581112269733,0.7087641769389625,0.4775434243176182,0.4029156327543432,0.05496277915632759,0.05669975186104221,0.007878411910669975,0.5399915686666666,0.19534898185554536,0.021673156,0.0068125934521411895,0.04519040698052332,0.02555690565548929,3
e3.5_F_filt.fastq.gz,231,e3.5,2022-09-19,82,3,15,8,Light 15°C,16144,356,17.25728973887157,0.9420534733361098,0.048475532974358346,3.8123322597052636,0.6489152697043575,0.13249504459861244,7930,323.9502075824696,0.007660576459841195,317.6730247996268,0.05327142670368037,0.659505755638866,0.5192021803766104,0.35009910802775024,0.0805252725470763,0.037351337958374635,0.012822101090188307,0.6981407696666666,0.32409334299053727,0.011971683666666667,0.015818572833028344,0.026768002535831937,0.03896802896357264,3
e1.6_F_filt.fastq.gz,232,e1.6,2022-10-26,119,1,15,8,Light 15°C,16454,237,13.220150615526277,0.9243578965866274,0.05578122622584927,3.423644370911135,0.6261168097175336,0.04254284672420082,6145,204.9842613787418,0.007660499329205095,211.9739412943951,0.06449349099587649,0.6431875510571663,0.7252339856569833,0.19739880880029173,0.031117053603986883,0.0212714233621004,0.0249787285766379,0.9016154343333334,0.16773166652414598,0.45151028633333334,0.7147265767622998,0.43809400153144945,0.6807453168762511,3
e2.6_F_filt.fastq.gz,233,e2.6,2022-10-26,119,2,15,8,Light 15°C,19201,267,7.2168982522357625,0.8614363172308541,0.0270295814690478,3.2391978362767153,0.579748286557228,0.27524608093328456,7586,219.34810008487784,0.007661004896334589,216.1234703907478,0.03290157630470995,0.6008907734309835,0.2713921149940106,0.5937190771313992,0.12915993958647998,0.002812353523253997,0.002916514764855997,17.390233253333335,16.845868219250743,2.1727273559999998,1.9164303344447944,0.23266823866821917,0.2147659479400458,3
